scenario,case,operation,duration
empty,TestCaseNoRand,update_existing,0.001068
empty,TestCaseNoRand,delete_old,4.74e-4
empty,TestCaseNoRand,insert_new,333.364881
empty,TestCaseNoRand,update_existing,0.00109
empty,TestCaseNoRand,delete_old,4.88e-4
empty,TestCaseNoRand,insert_new,325.974154
empty,TestCaseNoRand,update_existing,0.001072
empty,TestCaseNoRand,delete_old,4.77e-4
empty,TestCaseNoRand,insert_new,324.127945
empty,TestCaseNoRand,update_existing,0.001277
empty,TestCaseNoRand,delete_old,5.07e-4
empty,TestCaseNoRand,insert_new,324.858837
empty,TestCaseNoRand,update_existing,0.001352
empty,TestCaseNoRand,delete_old,5.16e-4
empty,TestCaseNoRand,insert_new,320.128291
empty,TestCaseNoRand,update_existing,0.001326
empty,TestCaseNoRand,delete_old,5.58e-4
empty,TestCaseNoRand,insert_new,318.936385
empty,TestCaseNoRand,update_existing,0.001216
empty,TestCaseNoRand,delete_old,4.84e-4
empty,TestCaseNoRand,insert_new,320.510766
empty,TestCaseNoRand,update_existing,0.001387
empty,TestCaseNoRand,delete_old,4.96e-4
empty,TestCaseNoRand,insert_new,323.537435
empty,TestCaseNoRand,update_existing,0.001307
empty,TestCaseNoRand,delete_old,5.19e-4
empty,TestCaseNoRand,insert_new,325.017131
empty,TestCaseNoRand,update_existing,0.00127
empty,TestCaseNoRand,delete_old,5.01e-4
empty,TestCaseNoRand,insert_new,324.369732
empty,TestCaseInitial,update_existing,0.001262
empty,TestCaseInitial,delete_old,4.77e-4
empty,TestCaseInitial,insert_new,529.612313
empty,TestCaseInitial,update_existing,0.001249
empty,TestCaseInitial,delete_old,4.66e-4
empty,TestCaseInitial,insert_new,517.28676599999994
empty,TestCaseInitial,update_existing,0.001219
empty,TestCaseInitial,delete_old,4.89e-4
empty,TestCaseInitial,insert_new,516.700932
empty,TestCaseInitial,update_existing,0.001249
empty,TestCaseInitial,delete_old,4.79e-4
empty,TestCaseInitial,insert_new,525.816897
empty,TestCaseInitial,update_existing,0.001261
empty,TestCaseInitial,delete_old,4.84e-4
empty,TestCaseInitial,insert_new,528.259343
empty,TestCaseInitial,update_existing,0.001284
empty,TestCaseInitial,delete_old,4.71e-4
empty,TestCaseInitial,insert_new,526.051339
empty,TestCaseInitial,update_existing,0.0013
empty,TestCaseInitial,delete_old,5.07e-4
empty,TestCaseInitial,insert_new,519.991529
empty,TestCaseInitial,update_existing,0.001657
empty,TestCaseInitial,delete_old,5.64e-4
empty,TestCaseInitial,insert_new,520.88275
empty,TestCaseInitial,update_existing,0.001099
empty,TestCaseInitial,delete_old,4.94e-4
empty,TestCaseInitial,insert_new,525.470996
empty,TestCaseInitial,update_existing,0.001073
empty,TestCaseInitial,delete_old,4.65e-4
empty,TestCaseInitial,insert_new,524.439374
empty,TestCaseInsertAllConditionsInOn,update_existing,0.001262
empty,TestCaseInsertAllConditionsInOn,delete_old,4.8e-4
empty,TestCaseInsertAllConditionsInOn,insert_new,530.496856
empty,TestCaseInsertAllConditionsInOn,update_existing,0.00153
empty,TestCaseInsertAllConditionsInOn,delete_old,5.35e-4
empty,TestCaseInsertAllConditionsInOn,insert_new,513.282427
empty,TestCaseInsertAllConditionsInOn,update_existing,0.001267
empty,TestCaseInsertAllConditionsInOn,delete_old,4.66e-4
empty,TestCaseInsertAllConditionsInOn,insert_new,512.805756
empty,TestCaseInsertAllConditionsInOn,update_existing,0.001133
empty,TestCaseInsertAllConditionsInOn,delete_old,5.03e-4
empty,TestCaseInsertAllConditionsInOn,insert_new,517.452043
empty,TestCaseInsertAllConditionsInOn,update_existing,0.001297
empty,TestCaseInsertAllConditionsInOn,delete_old,4.86e-4
empty,TestCaseInsertAllConditionsInOn,insert_new,522.474593
empty,TestCaseInsertAllConditionsInOn,update_existing,0.00144
empty,TestCaseInsertAllConditionsInOn,delete_old,6.1e-4
empty,TestCaseInsertAllConditionsInOn,insert_new,513.08523
empty,TestCaseInsertAllConditionsInOn,update_existing,0.001217
empty,TestCaseInsertAllConditionsInOn,delete_old,4.79e-4
empty,TestCaseInsertAllConditionsInOn,insert_new,514.103532
empty,TestCaseInsertAllConditionsInOn,update_existing,0.001101
empty,TestCaseInsertAllConditionsInOn,delete_old,4.78e-4
empty,TestCaseInsertAllConditionsInOn,insert_new,516.280811
empty,TestCaseInsertAllConditionsInOn,update_existing,0.001316
empty,TestCaseInsertAllConditionsInOn,delete_old,4.98e-4
empty,TestCaseInsertAllConditionsInOn,insert_new,513.898195
empty,TestCaseInsertAllConditionsInOn,update_existing,0.001094
empty,TestCaseInsertAllConditionsInOn,delete_old,4.58e-4
empty,TestCaseInsertAllConditionsInOn,insert_new,520.191418
empty,TestCaseInsertExists,update_existing,0.001295
empty,TestCaseInsertExists,delete_old,5.21e-4
empty,TestCaseInsertExists,insert_new,575.571822
empty,TestCaseInsertExists,update_existing,0.001365
empty,TestCaseInsertExists,delete_old,4.76e-4
empty,TestCaseInsertExists,insert_new,569.21897
empty,TestCaseInsertExists,update_existing,0.001455
empty,TestCaseInsertExists,delete_old,5.5e-4
empty,TestCaseInsertExists,insert_new,575.259524
empty,TestCaseInsertExists,update_existing,0.001436
empty,TestCaseInsertExists,delete_old,6.55e-4
empty,TestCaseInsertExists,insert_new,570.168101
empty,TestCaseInsertExists,update_existing,0.001294
empty,TestCaseInsertExists,delete_old,5.06e-4
empty,TestCaseInsertExists,insert_new,577.582806
empty,TestCaseInsertExists,update_existing,0.001268
empty,TestCaseInsertExists,delete_old,5e-4
empty,TestCaseInsertExists,insert_new,570.735928
empty,TestCaseInsertExists,update_existing,0.001739
empty,TestCaseInsertExists,delete_old,5.25e-4
empty,TestCaseInsertExists,insert_new,572.269881
empty,TestCaseInsertExists,update_existing,0.001153
empty,TestCaseInsertExists,delete_old,4.94e-4
empty,TestCaseInsertExists,insert_new,563.75537
empty,TestCaseInsertExists,update_existing,0.001212
empty,TestCaseInsertExists,delete_old,4.72e-4
empty,TestCaseInsertExists,insert_new,573.337156
empty,TestCaseInsertExists,update_existing,0.001287
empty,TestCaseInsertExists,delete_old,5.04e-4
empty,TestCaseInsertExists,insert_new,572.300134
empty,TestCaseUpdateAllConditionsInOn,update_existing,51.731246
empty,TestCaseUpdateAllConditionsInOn,delete_old,9.37e-4
empty,TestCaseUpdateAllConditionsInOn,insert_new,517.576025
empty,TestCaseUpdateAllConditionsInOn,update_existing,41.357413
empty,TestCaseUpdateAllConditionsInOn,delete_old,7.97e-4
empty,TestCaseUpdateAllConditionsInOn,insert_new,523.330426
empty,TestCaseUpdateAllConditionsInOn,update_existing,39.435455
empty,TestCaseUpdateAllConditionsInOn,delete_old,9.8e-4
empty,TestCaseUpdateAllConditionsInOn,insert_new,522.184407
empty,TestCaseUpdateAllConditionsInOn,update_existing,39.239293
empty,TestCaseUpdateAllConditionsInOn,delete_old,0.001074
empty,TestCaseUpdateAllConditionsInOn,insert_new,517.680358
empty,TestCaseUpdateAllConditionsInOn,update_existing,39.784312
empty,TestCaseUpdateAllConditionsInOn,delete_old,8.59e-4
empty,TestCaseUpdateAllConditionsInOn,insert_new,519.369063
empty,TestCaseUpdateAllConditionsInOn,update_existing,41.919522
empty,TestCaseUpdateAllConditionsInOn,delete_old,0.001039
empty,TestCaseUpdateAllConditionsInOn,insert_new,515.485691
empty,TestCaseUpdateAllConditionsInOn,update_existing,40.031101
empty,TestCaseUpdateAllConditionsInOn,delete_old,9.25e-4
empty,TestCaseUpdateAllConditionsInOn,insert_new,515.698887
empty,TestCaseUpdateAllConditionsInOn,update_existing,39.556837
empty,TestCaseUpdateAllConditionsInOn,delete_old,0.001001
empty,TestCaseUpdateAllConditionsInOn,insert_new,522.055121
empty,TestCaseUpdateAllConditionsInOn,update_existing,40.063483
empty,TestCaseUpdateAllConditionsInOn,delete_old,0.001082
empty,TestCaseUpdateAllConditionsInOn,insert_new,522.329793
empty,TestCaseUpdateAllConditionsInOn,update_existing,39.764141
empty,TestCaseUpdateAllConditionsInOn,delete_old,0.001028
empty,TestCaseUpdateAllConditionsInOn,insert_new,520.532965
empty,TestCaseUpdateNoJoinConditions,update_existing,51.105248
empty,TestCaseUpdateNoJoinConditions,delete_old,9.76e-4
empty,TestCaseUpdateNoJoinConditions,insert_new,524.107489
empty,TestCaseUpdateNoJoinConditions,update_existing,43.158027
empty,TestCaseUpdateNoJoinConditions,delete_old,9.92e-4
empty,TestCaseUpdateNoJoinConditions,insert_new,528.824986
empty,TestCaseUpdateNoJoinConditions,update_existing,39.891899
empty,TestCaseUpdateNoJoinConditions,delete_old,0.001025
empty,TestCaseUpdateNoJoinConditions,insert_new,524.662952
empty,TestCaseUpdateNoJoinConditions,update_existing,38.352565
empty,TestCaseUpdateNoJoinConditions,delete_old,8.54e-4
empty,TestCaseUpdateNoJoinConditions,insert_new,523.540465
empty,TestCaseUpdateNoJoinConditions,update_existing,39.229068
empty,TestCaseUpdateNoJoinConditions,delete_old,8.5e-4
empty,TestCaseUpdateNoJoinConditions,insert_new,522.136688
empty,TestCaseUpdateNoJoinConditions,update_existing,39.631706
empty,TestCaseUpdateNoJoinConditions,delete_old,0.001254
empty,TestCaseUpdateNoJoinConditions,insert_new,517.451312
empty,TestCaseUpdateNoJoinConditions,update_existing,39.973925
empty,TestCaseUpdateNoJoinConditions,delete_old,0.001158
empty,TestCaseUpdateNoJoinConditions,insert_new,521.812209
empty,TestCaseUpdateNoJoinConditions,update_existing,38.897737
empty,TestCaseUpdateNoJoinConditions,delete_old,9.64e-4
empty,TestCaseUpdateNoJoinConditions,insert_new,524.133185
empty,TestCaseUpdateNoJoinConditions,update_existing,39.102556
empty,TestCaseUpdateNoJoinConditions,delete_old,9.87e-4
empty,TestCaseUpdateNoJoinConditions,insert_new,524.232085
empty,TestCaseUpdateNoJoinConditions,update_existing,40.429284
empty,TestCaseUpdateNoJoinConditions,delete_old,0.001138
empty,TestCaseUpdateNoJoinConditions,insert_new,520.954752
empty,TestCaseUpdateIndexInsertsPath,update_existing,50.998633
empty,TestCaseUpdateIndexInsertsPath,delete_old,0.001072
empty,TestCaseUpdateIndexInsertsPath,insert_new,515.729626
empty,TestCaseUpdateIndexInsertsPath,update_existing,40.057899
empty,TestCaseUpdateIndexInsertsPath,delete_old,9.22e-4
empty,TestCaseUpdateIndexInsertsPath,insert_new,530.47677
empty,TestCaseUpdateIndexInsertsPath,update_existing,39.365928
empty,TestCaseUpdateIndexInsertsPath,delete_old,8.36e-4
empty,TestCaseUpdateIndexInsertsPath,insert_new,526.967279
empty,TestCaseUpdateIndexInsertsPath,update_existing,41.397637
empty,TestCaseUpdateIndexInsertsPath,delete_old,9.87e-4
empty,TestCaseUpdateIndexInsertsPath,insert_new,522.745273
empty,TestCaseUpdateIndexInsertsPath,update_existing,39.988778
empty,TestCaseUpdateIndexInsertsPath,delete_old,8.94e-4
empty,TestCaseUpdateIndexInsertsPath,insert_new,521.350267
empty,TestCaseUpdateIndexInsertsPath,update_existing,40.099405
empty,TestCaseUpdateIndexInsertsPath,delete_old,0.001058
empty,TestCaseUpdateIndexInsertsPath,insert_new,527.598129
empty,TestCaseUpdateIndexInsertsPath,update_existing,39.092974
empty,TestCaseUpdateIndexInsertsPath,delete_old,0.001171
empty,TestCaseUpdateIndexInsertsPath,insert_new,523.989777
empty,TestCaseUpdateIndexInsertsPath,update_existing,38.463314
empty,TestCaseUpdateIndexInsertsPath,delete_old,0.001087
empty,TestCaseUpdateIndexInsertsPath,insert_new,526.968732
empty,TestCaseUpdateIndexInsertsPath,update_existing,39.93461
empty,TestCaseUpdateIndexInsertsPath,delete_old,0.001169
empty,TestCaseUpdateIndexInsertsPath,insert_new,530.078471
empty,TestCaseUpdateIndexInsertsPath,update_existing,38.487713
empty,TestCaseUpdateIndexInsertsPath,delete_old,0.001153
empty,TestCaseUpdateIndexInsertsPath,insert_new,526.725918
empty,TestCaseUpdateNoInsertsConditions,update_existing,0.00113
empty,TestCaseUpdateNoInsertsConditions,delete_old,5.1e-4
empty,TestCaseUpdateNoInsertsConditions,insert_new,535.572728
empty,TestCaseUpdateNoInsertsConditions,update_existing,0.00123
empty,TestCaseUpdateNoInsertsConditions,delete_old,4.73e-4
empty,TestCaseUpdateNoInsertsConditions,insert_new,517.514236
empty,TestCaseUpdateNoInsertsConditions,update_existing,0.001129
empty,TestCaseUpdateNoInsertsConditions,delete_old,4.67e-4
empty,TestCaseUpdateNoInsertsConditions,insert_new,526.615872
empty,TestCaseUpdateNoInsertsConditions,update_existing,0.001339
empty,TestCaseUpdateNoInsertsConditions,delete_old,4.98e-4
empty,TestCaseUpdateNoInsertsConditions,insert_new,528.52182
empty,TestCaseUpdateNoInsertsConditions,update_existing,0.001204
empty,TestCaseUpdateNoInsertsConditions,delete_old,4.75e-4
empty,TestCaseUpdateNoInsertsConditions,insert_new,527.253246
empty,TestCaseUpdateNoInsertsConditions,update_existing,0.001203
empty,TestCaseUpdateNoInsertsConditions,delete_old,4.91e-4
empty,TestCaseUpdateNoInsertsConditions,insert_new,524.245142
empty,TestCaseUpdateNoInsertsConditions,update_existing,0.001226
empty,TestCaseUpdateNoInsertsConditions,delete_old,4.78e-4
empty,TestCaseUpdateNoInsertsConditions,insert_new,527.261833
empty,TestCaseUpdateNoInsertsConditions,update_existing,0.001404
empty,TestCaseUpdateNoInsertsConditions,delete_old,4.99e-4
empty,TestCaseUpdateNoInsertsConditions,insert_new,527.165901
empty,TestCaseUpdateNoInsertsConditions,update_existing,0.0012
empty,TestCaseUpdateNoInsertsConditions,delete_old,4.82e-4
empty,TestCaseUpdateNoInsertsConditions,insert_new,520.675046
empty,TestCaseUpdateNoInsertsConditions,update_existing,0.001103
empty,TestCaseUpdateNoInsertsConditions,delete_old,4.94e-4
empty,TestCaseUpdateNoInsertsConditions,insert_new,526.848157
empty,TestCaseUpdateNoInsertsConditionsAllInOn,update_existing,51.160124
empty,TestCaseUpdateNoInsertsConditionsAllInOn,delete_old,0.001008
empty,TestCaseUpdateNoInsertsConditionsAllInOn,insert_new,522.411025
empty,TestCaseUpdateNoInsertsConditionsAllInOn,update_existing,40.920817
empty,TestCaseUpdateNoInsertsConditionsAllInOn,delete_old,0.001078
empty,TestCaseUpdateNoInsertsConditionsAllInOn,insert_new,524.160612
empty,TestCaseUpdateNoInsertsConditionsAllInOn,update_existing,40.255583
empty,TestCaseUpdateNoInsertsConditionsAllInOn,delete_old,0.001029
empty,TestCaseUpdateNoInsertsConditionsAllInOn,insert_new,515.545608
empty,TestCaseUpdateNoInsertsConditionsAllInOn,update_existing,38.509279
empty,TestCaseUpdateNoInsertsConditionsAllInOn,delete_old,9.85e-4
empty,TestCaseUpdateNoInsertsConditionsAllInOn,insert_new,523.659437
empty,TestCaseUpdateNoInsertsConditionsAllInOn,update_existing,38.099008
empty,TestCaseUpdateNoInsertsConditionsAllInOn,delete_old,0.001062
empty,TestCaseUpdateNoInsertsConditionsAllInOn,insert_new,527.754936
empty,TestCaseUpdateNoInsertsConditionsAllInOn,update_existing,38.763922
empty,TestCaseUpdateNoInsertsConditionsAllInOn,delete_old,0.00104
empty,TestCaseUpdateNoInsertsConditionsAllInOn,insert_new,524.303759
empty,TestCaseUpdateNoInsertsConditionsAllInOn,update_existing,38.871372
empty,TestCaseUpdateNoInsertsConditionsAllInOn,delete_old,0.001061
empty,TestCaseUpdateNoInsertsConditionsAllInOn,insert_new,520.245869
empty,TestCaseUpdateNoInsertsConditionsAllInOn,update_existing,38.68096
empty,TestCaseUpdateNoInsertsConditionsAllInOn,delete_old,0.00107
empty,TestCaseUpdateNoInsertsConditionsAllInOn,insert_new,527.56457
empty,TestCaseUpdateNoInsertsConditionsAllInOn,update_existing,38.784081
empty,TestCaseUpdateNoInsertsConditionsAllInOn,delete_old,9.78e-4
empty,TestCaseUpdateNoInsertsConditionsAllInOn,insert_new,526.457684
empty,TestCaseUpdateNoInsertsConditionsAllInOn,update_existing,39.14267
empty,TestCaseUpdateNoInsertsConditionsAllInOn,delete_old,8.31e-4
empty,TestCaseUpdateNoInsertsConditionsAllInOn,insert_new,522.221174
empty,TestCaseUpdateNoInsertsConditionsAllInOnCompositeIndex,update_existing,51.034445
empty,TestCaseUpdateNoInsertsConditionsAllInOnCompositeIndex,delete_old,8.68e-4
empty,TestCaseUpdateNoInsertsConditionsAllInOnCompositeIndex,insert_new,534.139555
empty,TestCaseUpdateNoInsertsConditionsAllInOnCompositeIndex,update_existing,39.471025
empty,TestCaseUpdateNoInsertsConditionsAllInOnCompositeIndex,delete_old,8.86e-4
empty,TestCaseUpdateNoInsertsConditionsAllInOnCompositeIndex,insert_new,531.36644
empty,TestCaseUpdateNoInsertsConditionsAllInOnCompositeIndex,update_existing,38.93423
empty,TestCaseUpdateNoInsertsConditionsAllInOnCompositeIndex,delete_old,9.02e-4
empty,TestCaseUpdateNoInsertsConditionsAllInOnCompositeIndex,insert_new,534.98015
empty,TestCaseUpdateNoInsertsConditionsAllInOnCompositeIndex,update_existing,39.977185
empty,TestCaseUpdateNoInsertsConditionsAllInOnCompositeIndex,delete_old,8.14e-4
empty,TestCaseUpdateNoInsertsConditionsAllInOnCompositeIndex,insert_new,527.729023
empty,TestCaseUpdateNoInsertsConditionsAllInOnCompositeIndex,update_existing,40.272903
empty,TestCaseUpdateNoInsertsConditionsAllInOnCompositeIndex,delete_old,8.64e-4
empty,TestCaseUpdateNoInsertsConditionsAllInOnCompositeIndex,insert_new,528.677939
empty,TestCaseUpdateNoInsertsConditionsAllInOnCompositeIndex,update_existing,40.411336
empty,TestCaseUpdateNoInsertsConditionsAllInOnCompositeIndex,delete_old,8.89e-4
empty,TestCaseUpdateNoInsertsConditionsAllInOnCompositeIndex,insert_new,536.251458
empty,TestCaseUpdateNoInsertsConditionsAllInOnCompositeIndex,update_existing,39.434208
empty,TestCaseUpdateNoInsertsConditionsAllInOnCompositeIndex,delete_old,0.001088
empty,TestCaseUpdateNoInsertsConditionsAllInOnCompositeIndex,insert_new,530.668159
empty,TestCaseUpdateNoInsertsConditionsAllInOnCompositeIndex,update_existing,39.778062
empty,TestCaseUpdateNoInsertsConditionsAllInOnCompositeIndex,delete_old,0.001071
empty,TestCaseUpdateNoInsertsConditionsAllInOnCompositeIndex,insert_new,530.5153
empty,TestCaseUpdateNoInsertsConditionsAllInOnCompositeIndex,update_existing,38.848814
empty,TestCaseUpdateNoInsertsConditionsAllInOnCompositeIndex,delete_old,8.76e-4
empty,TestCaseUpdateNoInsertsConditionsAllInOnCompositeIndex,insert_new,534.613537
empty,TestCaseUpdateNoInsertsConditionsAllInOnCompositeIndex,update_existing,39.661001
empty,TestCaseUpdateNoInsertsConditionsAllInOnCompositeIndex,delete_old,8.59e-4
empty,TestCaseUpdateNoInsertsConditionsAllInOnCompositeIndex,insert_new,529.303747
empty,TestCaseRandInInserts,update_existing,0.001418
empty,TestCaseRandInInserts,delete_old,5.14e-4
empty,TestCaseRandInInserts,insert_new,530.13079
empty,TestCaseRandInInserts,update_existing,0.00132
empty,TestCaseRandInInserts,delete_old,4.7e-4
empty,TestCaseRandInInserts,insert_new,519.978755
empty,TestCaseRandInInserts,update_existing,0.00123
empty,TestCaseRandInInserts,delete_old,5e-4
empty,TestCaseRandInInserts,insert_new,523.801031
empty,TestCaseRandInInserts,update_existing,0.001245
empty,TestCaseRandInInserts,delete_old,4.74e-4
empty,TestCaseRandInInserts,insert_new,523.307995
empty,TestCaseRandInInserts,update_existing,0.001148
empty,TestCaseRandInInserts,delete_old,4.9e-4
empty,TestCaseRandInInserts,insert_new,520.063268
empty,TestCaseRandInInserts,update_existing,0.001295
empty,TestCaseRandInInserts,delete_old,6.03e-4
empty,TestCaseRandInInserts,insert_new,519.136811
empty,TestCaseRandInInserts,update_existing,0.001122
empty,TestCaseRandInInserts,delete_old,4.62e-4
empty,TestCaseRandInInserts,insert_new,525.117009
empty,TestCaseRandInInserts,update_existing,0.001259
empty,TestCaseRandInInserts,delete_old,4.85e-4
empty,TestCaseRandInInserts,insert_new,522.179474
empty,TestCaseRandInInserts,update_existing,0.001329
empty,TestCaseRandInInserts,delete_old,4.91e-4
empty,TestCaseRandInInserts,insert_new,523.571066
empty,TestCaseRandInInserts,update_existing,0.001228
empty,TestCaseRandInInserts,delete_old,4.86e-4
empty,TestCaseRandInInserts,insert_new,525.357772
empty,TestCaseDontUpdateRand,update_existing,0.001131
empty,TestCaseDontUpdateRand,delete_old,5.02e-4
empty,TestCaseDontUpdateRand,insert_new,536.987927
empty,TestCaseDontUpdateRand,update_existing,0.001225
empty,TestCaseDontUpdateRand,delete_old,5e-4
empty,TestCaseDontUpdateRand,insert_new,526.254337
empty,TestCaseDontUpdateRand,update_existing,0.001339
empty,TestCaseDontUpdateRand,delete_old,4.98e-4
empty,TestCaseDontUpdateRand,insert_new,522.534057
empty,TestCaseDontUpdateRand,update_existing,0.001447
empty,TestCaseDontUpdateRand,delete_old,4.98e-4
empty,TestCaseDontUpdateRand,insert_new,526.297196
empty,TestCaseDontUpdateRand,update_existing,0.00132
empty,TestCaseDontUpdateRand,delete_old,5.53e-4
empty,TestCaseDontUpdateRand,insert_new,524.676289
empty,TestCaseDontUpdateRand,update_existing,0.001235
empty,TestCaseDontUpdateRand,delete_old,4.78e-4
empty,TestCaseDontUpdateRand,insert_new,521.692085
empty,TestCaseDontUpdateRand,update_existing,0.001113
empty,TestCaseDontUpdateRand,delete_old,4.67e-4
empty,TestCaseDontUpdateRand,insert_new,527.325813
empty,TestCaseDontUpdateRand,update_existing,0.001296
empty,TestCaseDontUpdateRand,delete_old,5.13e-4
empty,TestCaseDontUpdateRand,insert_new,522.35046
empty,TestCaseDontUpdateRand,update_existing,0.001187
empty,TestCaseDontUpdateRand,delete_old,4.83e-4
empty,TestCaseDontUpdateRand,insert_new,521.166671
empty,TestCaseDontUpdateRand,update_existing,0.001306
empty,TestCaseDontUpdateRand,delete_old,5.08e-4
empty,TestCaseDontUpdateRand,insert_new,521.852695
empty,TestCaseDontUpdateRandUpdateAllConditionsInOn,update_existing,52.184207
empty,TestCaseDontUpdateRandUpdateAllConditionsInOn,delete_old,0.00102
empty,TestCaseDontUpdateRandUpdateAllConditionsInOn,insert_new,521.871705
empty,TestCaseDontUpdateRandUpdateAllConditionsInOn,update_existing,39.958178
empty,TestCaseDontUpdateRandUpdateAllConditionsInOn,delete_old,8.31e-4
empty,TestCaseDontUpdateRandUpdateAllConditionsInOn,insert_new,523.317581
empty,TestCaseDontUpdateRandUpdateAllConditionsInOn,update_existing,41.906992
empty,TestCaseDontUpdateRandUpdateAllConditionsInOn,delete_old,0.001079
empty,TestCaseDontUpdateRandUpdateAllConditionsInOn,insert_new,524.29965
empty,TestCaseDontUpdateRandUpdateAllConditionsInOn,update_existing,40.451834
empty,TestCaseDontUpdateRandUpdateAllConditionsInOn,delete_old,9.57e-4
empty,TestCaseDontUpdateRandUpdateAllConditionsInOn,insert_new,523.74017
empty,TestCaseDontUpdateRandUpdateAllConditionsInOn,update_existing,42.103569
empty,TestCaseDontUpdateRandUpdateAllConditionsInOn,delete_old,0.001174
empty,TestCaseDontUpdateRandUpdateAllConditionsInOn,insert_new,526.338331
empty,TestCaseDontUpdateRandUpdateAllConditionsInOn,update_existing,43.131275
empty,TestCaseDontUpdateRandUpdateAllConditionsInOn,delete_old,8.34e-4
empty,TestCaseDontUpdateRandUpdateAllConditionsInOn,insert_new,526.738263
empty,TestCaseDontUpdateRandUpdateAllConditionsInOn,update_existing,39.70787
empty,TestCaseDontUpdateRandUpdateAllConditionsInOn,delete_old,9.56e-4
empty,TestCaseDontUpdateRandUpdateAllConditionsInOn,insert_new,521.555871
empty,TestCaseDontUpdateRandUpdateAllConditionsInOn,update_existing,39.555045
empty,TestCaseDontUpdateRandUpdateAllConditionsInOn,delete_old,0.001222
empty,TestCaseDontUpdateRandUpdateAllConditionsInOn,insert_new,521.752858
empty,TestCaseDontUpdateRandUpdateAllConditionsInOn,update_existing,40.481157
empty,TestCaseDontUpdateRandUpdateAllConditionsInOn,delete_old,9.65e-4
empty,TestCaseDontUpdateRandUpdateAllConditionsInOn,insert_new,523.868918
empty,TestCaseDontUpdateRandUpdateAllConditionsInOn,update_existing,39.693364
empty,TestCaseDontUpdateRandUpdateAllConditionsInOn,delete_old,8.13e-4
empty,TestCaseDontUpdateRandUpdateAllConditionsInOn,insert_new,528.887924
empty,TestCaseDontUpdateRandUpdateNoJoinConditions,update_existing,50.473244
empty,TestCaseDontUpdateRandUpdateNoJoinConditions,delete_old,8.17e-4
empty,TestCaseDontUpdateRandUpdateNoJoinConditions,insert_new,526.569937
empty,TestCaseDontUpdateRandUpdateNoJoinConditions,update_existing,41.351978
empty,TestCaseDontUpdateRandUpdateNoJoinConditions,delete_old,8.9e-4
empty,TestCaseDontUpdateRandUpdateNoJoinConditions,insert_new,519.93136
empty,TestCaseDontUpdateRandUpdateNoJoinConditions,update_existing,39.592986
empty,TestCaseDontUpdateRandUpdateNoJoinConditions,delete_old,9.45e-4
empty,TestCaseDontUpdateRandUpdateNoJoinConditions,insert_new,532.487826
empty,TestCaseDontUpdateRandUpdateNoJoinConditions,update_existing,38.773122
empty,TestCaseDontUpdateRandUpdateNoJoinConditions,delete_old,9.69e-4
empty,TestCaseDontUpdateRandUpdateNoJoinConditions,insert_new,526.036988
empty,TestCaseDontUpdateRandUpdateNoJoinConditions,update_existing,39.189366
empty,TestCaseDontUpdateRandUpdateNoJoinConditions,delete_old,0.001222
empty,TestCaseDontUpdateRandUpdateNoJoinConditions,insert_new,525.955348
empty,TestCaseDontUpdateRandUpdateNoJoinConditions,update_existing,40.13962
empty,TestCaseDontUpdateRandUpdateNoJoinConditions,delete_old,9.23e-4
empty,TestCaseDontUpdateRandUpdateNoJoinConditions,insert_new,527.512628
empty,TestCaseDontUpdateRandUpdateNoJoinConditions,update_existing,38.972074
empty,TestCaseDontUpdateRandUpdateNoJoinConditions,delete_old,8.76e-4
empty,TestCaseDontUpdateRandUpdateNoJoinConditions,insert_new,522.087535
empty,TestCaseDontUpdateRandUpdateNoJoinConditions,update_existing,38.97703
empty,TestCaseDontUpdateRandUpdateNoJoinConditions,delete_old,8.54e-4
empty,TestCaseDontUpdateRandUpdateNoJoinConditions,insert_new,531.948777
empty,TestCaseDontUpdateRandUpdateNoJoinConditions,update_existing,40.651705
empty,TestCaseDontUpdateRandUpdateNoJoinConditions,delete_old,8.5e-4
empty,TestCaseDontUpdateRandUpdateNoJoinConditions,insert_new,526.476601
empty,TestCaseDontUpdateRandUpdateNoJoinConditions,update_existing,39.46151
empty,TestCaseDontUpdateRandUpdateNoJoinConditions,delete_old,8.28e-4
empty,TestCaseDontUpdateRandUpdateNoJoinConditions,insert_new,525.343932
empty,TestCaseDontUpdateRandUpdateIndexInsertsPath,update_existing,51.073456
empty,TestCaseDontUpdateRandUpdateIndexInsertsPath,delete_old,0.00107
empty,TestCaseDontUpdateRandUpdateIndexInsertsPath,insert_new,521.338995
empty,TestCaseDontUpdateRandUpdateIndexInsertsPath,update_existing,40.125106
empty,TestCaseDontUpdateRandUpdateIndexInsertsPath,delete_old,9.6e-4
empty,TestCaseDontUpdateRandUpdateIndexInsertsPath,insert_new,520.062265
empty,TestCaseDontUpdateRandUpdateIndexInsertsPath,update_existing,38.944035
empty,TestCaseDontUpdateRandUpdateIndexInsertsPath,delete_old,8.55e-4
empty,TestCaseDontUpdateRandUpdateIndexInsertsPath,insert_new,522.082842
empty,TestCaseDontUpdateRandUpdateIndexInsertsPath,update_existing,39.248423
empty,TestCaseDontUpdateRandUpdateIndexInsertsPath,delete_old,8.3e-4
empty,TestCaseDontUpdateRandUpdateIndexInsertsPath,insert_new,522.181124
empty,TestCaseDontUpdateRandUpdateIndexInsertsPath,update_existing,38.75927
empty,TestCaseDontUpdateRandUpdateIndexInsertsPath,delete_old,8.71e-4
empty,TestCaseDontUpdateRandUpdateIndexInsertsPath,insert_new,525.408371
empty,TestCaseDontUpdateRandUpdateIndexInsertsPath,update_existing,38.768809
empty,TestCaseDontUpdateRandUpdateIndexInsertsPath,delete_old,0.001152
empty,TestCaseDontUpdateRandUpdateIndexInsertsPath,insert_new,522.450757
empty,TestCaseDontUpdateRandUpdateIndexInsertsPath,update_existing,39.90558
empty,TestCaseDontUpdateRandUpdateIndexInsertsPath,delete_old,0.001014
empty,TestCaseDontUpdateRandUpdateIndexInsertsPath,insert_new,523.30217
empty,TestCaseDontUpdateRandUpdateIndexInsertsPath,update_existing,39.261992
empty,TestCaseDontUpdateRandUpdateIndexInsertsPath,delete_old,8.92e-4
empty,TestCaseDontUpdateRandUpdateIndexInsertsPath,insert_new,521.684033
empty,TestCaseDontUpdateRandUpdateIndexInsertsPath,update_existing,39.352221
empty,TestCaseDontUpdateRandUpdateIndexInsertsPath,delete_old,9.85e-4
empty,TestCaseDontUpdateRandUpdateIndexInsertsPath,insert_new,517.577988
empty,TestCaseDontUpdateRandUpdateIndexInsertsPath,update_existing,39.279957
empty,TestCaseDontUpdateRandUpdateIndexInsertsPath,delete_old,8.28e-4
empty,TestCaseDontUpdateRandUpdateIndexInsertsPath,insert_new,521.152674
empty,TestCaseDontUpdateRandUpdateNoInsertsConditions,update_existing,0.001038
empty,TestCaseDontUpdateRandUpdateNoInsertsConditions,delete_old,4.75e-4
empty,TestCaseDontUpdateRandUpdateNoInsertsConditions,insert_new,537.266884
empty,TestCaseDontUpdateRandUpdateNoInsertsConditions,update_existing,0.001076
empty,TestCaseDontUpdateRandUpdateNoInsertsConditions,delete_old,4.7e-4
empty,TestCaseDontUpdateRandUpdateNoInsertsConditions,insert_new,524.376067
empty,TestCaseDontUpdateRandUpdateNoInsertsConditions,update_existing,0.00106
empty,TestCaseDontUpdateRandUpdateNoInsertsConditions,delete_old,4.87e-4
empty,TestCaseDontUpdateRandUpdateNoInsertsConditions,insert_new,525.953409
empty,TestCaseDontUpdateRandUpdateNoInsertsConditions,update_existing,0.001192
empty,TestCaseDontUpdateRandUpdateNoInsertsConditions,delete_old,4.97e-4
empty,TestCaseDontUpdateRandUpdateNoInsertsConditions,insert_new,524.786128
empty,TestCaseDontUpdateRandUpdateNoInsertsConditions,update_existing,0.001162
empty,TestCaseDontUpdateRandUpdateNoInsertsConditions,delete_old,4.65e-4
empty,TestCaseDontUpdateRandUpdateNoInsertsConditions,insert_new,525.66592
empty,TestCaseDontUpdateRandUpdateNoInsertsConditions,update_existing,0.001317
empty,TestCaseDontUpdateRandUpdateNoInsertsConditions,delete_old,5.08e-4
empty,TestCaseDontUpdateRandUpdateNoInsertsConditions,insert_new,526.613607
empty,TestCaseDontUpdateRandUpdateNoInsertsConditions,update_existing,0.00134
empty,TestCaseDontUpdateRandUpdateNoInsertsConditions,delete_old,4.89e-4
empty,TestCaseDontUpdateRandUpdateNoInsertsConditions,insert_new,528.402539
empty,TestCaseDontUpdateRandUpdateNoInsertsConditions,update_existing,0.00127
empty,TestCaseDontUpdateRandUpdateNoInsertsConditions,delete_old,4.75e-4
empty,TestCaseDontUpdateRandUpdateNoInsertsConditions,insert_new,524.236456
empty,TestCaseDontUpdateRandUpdateNoInsertsConditions,update_existing,0.001273
empty,TestCaseDontUpdateRandUpdateNoInsertsConditions,delete_old,5.15e-4
empty,TestCaseDontUpdateRandUpdateNoInsertsConditions,insert_new,521.158246
empty,TestCaseDontUpdateRandUpdateNoInsertsConditions,update_existing,0.001077
empty,TestCaseDontUpdateRandUpdateNoInsertsConditions,delete_old,4.63e-4
empty,TestCaseDontUpdateRandUpdateNoInsertsConditions,insert_new,518.622214
empty,TestCaseDontUpdateRandUpdateNoInsertsConditionsAllInOn,update_existing,50.768678
empty,TestCaseDontUpdateRandUpdateNoInsertsConditionsAllInOn,delete_old,0.00114
empty,TestCaseDontUpdateRandUpdateNoInsertsConditionsAllInOn,insert_new,520.581675
empty,TestCaseDontUpdateRandUpdateNoInsertsConditionsAllInOn,update_existing,40.16054
empty,TestCaseDontUpdateRandUpdateNoInsertsConditionsAllInOn,delete_old,0.001023
empty,TestCaseDontUpdateRandUpdateNoInsertsConditionsAllInOn,insert_new,523.526722
empty,TestCaseDontUpdateRandUpdateNoInsertsConditionsAllInOn,update_existing,40.251623
empty,TestCaseDontUpdateRandUpdateNoInsertsConditionsAllInOn,delete_old,0.001019
empty,TestCaseDontUpdateRandUpdateNoInsertsConditionsAllInOn,insert_new,524.874155
empty,TestCaseDontUpdateRandUpdateNoInsertsConditionsAllInOn,update_existing,40.557696
empty,TestCaseDontUpdateRandUpdateNoInsertsConditionsAllInOn,delete_old,0.001061
empty,TestCaseDontUpdateRandUpdateNoInsertsConditionsAllInOn,insert_new,523.802345
empty,TestCaseDontUpdateRandUpdateNoInsertsConditionsAllInOn,update_existing,38.947523
empty,TestCaseDontUpdateRandUpdateNoInsertsConditionsAllInOn,delete_old,8.22e-4
empty,TestCaseDontUpdateRandUpdateNoInsertsConditionsAllInOn,insert_new,526.742265
empty,TestCaseDontUpdateRandUpdateNoInsertsConditionsAllInOn,update_existing,39.436523
empty,TestCaseDontUpdateRandUpdateNoInsertsConditionsAllInOn,delete_old,9.08e-4
empty,TestCaseDontUpdateRandUpdateNoInsertsConditionsAllInOn,insert_new,526.64655
empty,TestCaseDontUpdateRandUpdateNoInsertsConditionsAllInOn,update_existing,40.201535
empty,TestCaseDontUpdateRandUpdateNoInsertsConditionsAllInOn,delete_old,0.001116
empty,TestCaseDontUpdateRandUpdateNoInsertsConditionsAllInOn,insert_new,525.242878
empty,TestCaseDontUpdateRandUpdateNoInsertsConditionsAllInOn,update_existing,38.276781
empty,TestCaseDontUpdateRandUpdateNoInsertsConditionsAllInOn,delete_old,0.001082
empty,TestCaseDontUpdateRandUpdateNoInsertsConditionsAllInOn,insert_new,524.321819
empty,TestCaseDontUpdateRandUpdateNoInsertsConditionsAllInOn,update_existing,39.39709
empty,TestCaseDontUpdateRandUpdateNoInsertsConditionsAllInOn,delete_old,9.75e-4
empty,TestCaseDontUpdateRandUpdateNoInsertsConditionsAllInOn,insert_new,523.921056
empty,TestCaseDontUpdateRandUpdateNoInsertsConditionsAllInOn,update_existing,39.460347
empty,TestCaseDontUpdateRandUpdateNoInsertsConditionsAllInOn,delete_old,9.97e-4
empty,TestCaseDontUpdateRandUpdateNoInsertsConditionsAllInOn,insert_new,533.085617
empty,TestCaseDontUpdateRandUpdateNoInsertsConditionsAllInOnCompositeIndex,update_existing,51.296146
empty,TestCaseDontUpdateRandUpdateNoInsertsConditionsAllInOnCompositeIndex,delete_old,0.001052
empty,TestCaseDontUpdateRandUpdateNoInsertsConditionsAllInOnCompositeIndex,insert_new,534.079335
empty,TestCaseDontUpdateRandUpdateNoInsertsConditionsAllInOnCompositeIndex,update_existing,40.018606
empty,TestCaseDontUpdateRandUpdateNoInsertsConditionsAllInOnCompositeIndex,delete_old,0.001068
empty,TestCaseDontUpdateRandUpdateNoInsertsConditionsAllInOnCompositeIndex,insert_new,533.677198
empty,TestCaseDontUpdateRandUpdateNoInsertsConditionsAllInOnCompositeIndex,update_existing,41.22777
empty,TestCaseDontUpdateRandUpdateNoInsertsConditionsAllInOnCompositeIndex,delete_old,8.99e-4
empty,TestCaseDontUpdateRandUpdateNoInsertsConditionsAllInOnCompositeIndex,insert_new,530.773525
empty,TestCaseDontUpdateRandUpdateNoInsertsConditionsAllInOnCompositeIndex,update_existing,39.296598
empty,TestCaseDontUpdateRandUpdateNoInsertsConditionsAllInOnCompositeIndex,delete_old,0.001078
empty,TestCaseDontUpdateRandUpdateNoInsertsConditionsAllInOnCompositeIndex,insert_new,533.68341
empty,TestCaseDontUpdateRandUpdateNoInsertsConditionsAllInOnCompositeIndex,update_existing,38.839966
empty,TestCaseDontUpdateRandUpdateNoInsertsConditionsAllInOnCompositeIndex,delete_old,0.0011
empty,TestCaseDontUpdateRandUpdateNoInsertsConditionsAllInOnCompositeIndex,insert_new,531.44946
empty,TestCaseDontUpdateRandUpdateNoInsertsConditionsAllInOnCompositeIndex,update_existing,38.678652
empty,TestCaseDontUpdateRandUpdateNoInsertsConditionsAllInOnCompositeIndex,delete_old,0.001061
empty,TestCaseDontUpdateRandUpdateNoInsertsConditionsAllInOnCompositeIndex,insert_new,536.29742
empty,TestCaseDontUpdateRandUpdateNoInsertsConditionsAllInOnCompositeIndex,update_existing,38.99504
empty,TestCaseDontUpdateRandUpdateNoInsertsConditionsAllInOnCompositeIndex,delete_old,0.001066
empty,TestCaseDontUpdateRandUpdateNoInsertsConditionsAllInOnCompositeIndex,insert_new,531.38169
empty,TestCaseDontUpdateRandUpdateNoInsertsConditionsAllInOnCompositeIndex,update_existing,38.658781
empty,TestCaseDontUpdateRandUpdateNoInsertsConditionsAllInOnCompositeIndex,delete_old,9.19e-4
empty,TestCaseDontUpdateRandUpdateNoInsertsConditionsAllInOnCompositeIndex,insert_new,533.839376
empty,TestCaseDontUpdateRandUpdateNoInsertsConditionsAllInOnCompositeIndex,update_existing,39.469568
empty,TestCaseDontUpdateRandUpdateNoInsertsConditionsAllInOnCompositeIndex,delete_old,7.99e-4
empty,TestCaseDontUpdateRandUpdateNoInsertsConditionsAllInOnCompositeIndex,insert_new,533.430722
empty,TestCaseDontUpdateRandUpdateNoInsertsConditionsAllInOnCompositeIndex,update_existing,38.568187
empty,TestCaseDontUpdateRandUpdateNoInsertsConditionsAllInOnCompositeIndex,delete_old,0.001097
empty,TestCaseDontUpdateRandUpdateNoInsertsConditionsAllInOnCompositeIndex,insert_new,532.756162
empty,TestCaseDontUpdateRandRandInInserts,update_existing,0.001207
empty,TestCaseDontUpdateRandRandInInserts,delete_old,5.25e-4
empty,TestCaseDontUpdateRandRandInInserts,insert_new,534.557445
empty,TestCaseDontUpdateRandRandInInserts,update_existing,0.001287
empty,TestCaseDontUpdateRandRandInInserts,delete_old,4.93e-4
empty,TestCaseDontUpdateRandRandInInserts,insert_new,524.455461
empty,TestCaseDontUpdateRandRandInInserts,update_existing,0.001169
empty,TestCaseDontUpdateRandRandInInserts,delete_old,5.07e-4
empty,TestCaseDontUpdateRandRandInInserts,insert_new,531.282579
empty,TestCaseDontUpdateRandRandInInserts,update_existing,0.001246
empty,TestCaseDontUpdateRandRandInInserts,delete_old,5.07e-4
empty,TestCaseDontUpdateRandRandInInserts,insert_new,533.141871
empty,TestCaseDontUpdateRandRandInInserts,update_existing,0.001294
empty,TestCaseDontUpdateRandRandInInserts,delete_old,4.86e-4
empty,TestCaseDontUpdateRandRandInInserts,insert_new,521.623796
empty,TestCaseDontUpdateRandRandInInserts,update_existing,0.001288
empty,TestCaseDontUpdateRandRandInInserts,delete_old,4.92e-4
empty,TestCaseDontUpdateRandRandInInserts,insert_new,516.102343
empty,TestCaseDontUpdateRandRandInInserts,update_existing,0.001497
empty,TestCaseDontUpdateRandRandInInserts,delete_old,5.94e-4
empty,TestCaseDontUpdateRandRandInInserts,insert_new,528.166032
empty,TestCaseDontUpdateRandRandInInserts,update_existing,0.001158
empty,TestCaseDontUpdateRandRandInInserts,delete_old,4.94e-4
empty,TestCaseDontUpdateRandRandInInserts,insert_new,521.117583
empty,TestCaseDontUpdateRandRandInInserts,update_existing,0.001245
empty,TestCaseDontUpdateRandRandInInserts,delete_old,4.9e-4
empty,TestCaseDontUpdateRandRandInInserts,insert_new,519.514068
empty,TestCaseDontUpdateRandRandInInserts,update_existing,0.001125
empty,TestCaseDontUpdateRandRandInInserts,delete_old,4.7e-4
empty,TestCaseDontUpdateRandRandInInserts,insert_new,525.077896
no_inserts,TestCaseNoRand,update_existing,655.965911
no_inserts,TestCaseNoRand,delete_old,31.341002
no_inserts,TestCaseNoRand,insert_new,71.699561
no_inserts,TestCaseNoRand,update_existing,661.745115
no_inserts,TestCaseNoRand,delete_old,34.627924
no_inserts,TestCaseNoRand,insert_new,70.418104
no_inserts,TestCaseNoRand,update_existing,715.125518
no_inserts,TestCaseNoRand,delete_old,32.785945
no_inserts,TestCaseNoRand,insert_new,71.092838
no_inserts,TestCaseNoRand,update_existing,668.617109
no_inserts,TestCaseNoRand,delete_old,31.074753
no_inserts,TestCaseNoRand,insert_new,78.703307
no_inserts,TestCaseNoRand,update_existing,654.418067
no_inserts,TestCaseNoRand,delete_old,31.456186
no_inserts,TestCaseNoRand,insert_new,69.821193
no_inserts,TestCaseNoRand,update_existing,650.525807
no_inserts,TestCaseNoRand,delete_old,30.345799
no_inserts,TestCaseNoRand,insert_new,69.317804
no_inserts,TestCaseNoRand,update_existing,658.508822
no_inserts,TestCaseNoRand,delete_old,34.236975
no_inserts,TestCaseNoRand,insert_new,68.591899
no_inserts,TestCaseNoRand,update_existing,664.284732
no_inserts,TestCaseNoRand,delete_old,35.235149
no_inserts,TestCaseNoRand,insert_new,77.599347
no_inserts,TestCaseNoRand,update_existing,645.594109
no_inserts,TestCaseNoRand,delete_old,30.839743
no_inserts,TestCaseNoRand,insert_new,69.785759
no_inserts,TestCaseNoRand,update_existing,651.232874
no_inserts,TestCaseNoRand,delete_old,31.260469
no_inserts,TestCaseNoRand,insert_new,69.212916
no_inserts,TestCaseInitial,update_existing,1146.931932
no_inserts,TestCaseInitial,delete_old,34.845099
no_inserts,TestCaseInitial,insert_new,78.318392
no_inserts,TestCaseInitial,update_existing,1159.329177
no_inserts,TestCaseInitial,delete_old,33.777539
no_inserts,TestCaseInitial,insert_new,87.673196
no_inserts,TestCaseInitial,update_existing,1146.82613
no_inserts,TestCaseInitial,delete_old,32.397247
no_inserts,TestCaseInitial,insert_new,78.50091
no_inserts,TestCaseInitial,update_existing,1153.221594
no_inserts,TestCaseInitial,delete_old,33.843907
no_inserts,TestCaseInitial,insert_new,85.422502
no_inserts,TestCaseInitial,update_existing,1154.346251
no_inserts,TestCaseInitial,delete_old,32.650475
no_inserts,TestCaseInitial,insert_new,78.389793
no_inserts,TestCaseInitial,update_existing,1162.501745
no_inserts,TestCaseInitial,delete_old,33.253648
no_inserts,TestCaseInitial,insert_new,87.625161
no_inserts,TestCaseInitial,update_existing,1142.755346
no_inserts,TestCaseInitial,delete_old,33.230678
no_inserts,TestCaseInitial,insert_new,77.306488
no_inserts,TestCaseInitial,update_existing,1161.204169
no_inserts,TestCaseInitial,delete_old,35.15368
no_inserts,TestCaseInitial,insert_new,86.377386
no_inserts,TestCaseInitial,update_existing,1140.793006
no_inserts,TestCaseInitial,delete_old,32.178593
no_inserts,TestCaseInitial,insert_new,79.481764
no_inserts,TestCaseInitial,update_existing,1157.070309
no_inserts,TestCaseInitial,delete_old,34.272531
no_inserts,TestCaseInitial,insert_new,86.343616
no_inserts,TestCaseInsertAllConditionsInOn,update_existing,1139.940306
no_inserts,TestCaseInsertAllConditionsInOn,delete_old,35.543607
no_inserts,TestCaseInsertAllConditionsInOn,insert_new,810.294801
no_inserts,TestCaseInsertAllConditionsInOn,update_existing,1194.79615
no_inserts,TestCaseInsertAllConditionsInOn,delete_old,35.021082
no_inserts,TestCaseInsertAllConditionsInOn,insert_new,823.712279
no_inserts,TestCaseInsertAllConditionsInOn,update_existing,1152.76887
no_inserts,TestCaseInsertAllConditionsInOn,delete_old,33.893917
no_inserts,TestCaseInsertAllConditionsInOn,insert_new,819.774791
no_inserts,TestCaseInsertAllConditionsInOn,update_existing,1155.961532
no_inserts,TestCaseInsertAllConditionsInOn,delete_old,34.54204
no_inserts,TestCaseInsertAllConditionsInOn,insert_new,814.972782
no_inserts,TestCaseInsertAllConditionsInOn,update_existing,1157.40628
no_inserts,TestCaseInsertAllConditionsInOn,delete_old,34.254196
no_inserts,TestCaseInsertAllConditionsInOn,insert_new,820.368769
no_inserts,TestCaseInsertAllConditionsInOn,update_existing,1161.035536
no_inserts,TestCaseInsertAllConditionsInOn,delete_old,34.772686
no_inserts,TestCaseInsertAllConditionsInOn,insert_new,819.445667
no_inserts,TestCaseInsertAllConditionsInOn,update_existing,1181.224642
no_inserts,TestCaseInsertAllConditionsInOn,delete_old,34.60378
no_inserts,TestCaseInsertAllConditionsInOn,insert_new,816.565937
no_inserts,TestCaseInsertAllConditionsInOn,update_existing,1161.796884
no_inserts,TestCaseInsertAllConditionsInOn,delete_old,32.811246
no_inserts,TestCaseInsertAllConditionsInOn,insert_new,819.956628
no_inserts,TestCaseInsertAllConditionsInOn,update_existing,1156.677081
no_inserts,TestCaseInsertAllConditionsInOn,delete_old,32.778904
no_inserts,TestCaseInsertAllConditionsInOn,insert_new,819.378174
no_inserts,TestCaseInsertAllConditionsInOn,update_existing,1162.463463
no_inserts,TestCaseInsertAllConditionsInOn,delete_old,34.313
no_inserts,TestCaseInsertAllConditionsInOn,insert_new,818.487323
no_inserts,TestCaseInsertExists,update_existing,1146.701491
no_inserts,TestCaseInsertExists,delete_old,34.739838
no_inserts,TestCaseInsertExists,insert_new,112.117441
no_inserts,TestCaseInsertExists,update_existing,1167.990545
no_inserts,TestCaseInsertExists,delete_old,34.096175
no_inserts,TestCaseInsertExists,insert_new,119.62215
no_inserts,TestCaseInsertExists,update_existing,1149.301439
no_inserts,TestCaseInsertExists,delete_old,33.599662
no_inserts,TestCaseInsertExists,insert_new,110.192337
no_inserts,TestCaseInsertExists,update_existing,1166.771296
no_inserts,TestCaseInsertExists,delete_old,33.984716
no_inserts,TestCaseInsertExists,insert_new,119.249132
no_inserts,TestCaseInsertExists,update_existing,1172.982178
no_inserts,TestCaseInsertExists,delete_old,35.169695
no_inserts,TestCaseInsertExists,insert_new,108.663369
no_inserts,TestCaseInsertExists,update_existing,1162.692911
no_inserts,TestCaseInsertExists,delete_old,32.723167
no_inserts,TestCaseInsertExists,insert_new,117.022631
no_inserts,TestCaseInsertExists,update_existing,1147.132813
no_inserts,TestCaseInsertExists,delete_old,32.697066
no_inserts,TestCaseInsertExists,insert_new,107.962439
no_inserts,TestCaseInsertExists,update_existing,1162.093207
no_inserts,TestCaseInsertExists,delete_old,35.21833
no_inserts,TestCaseInsertExists,insert_new,119.709549
no_inserts,TestCaseInsertExists,update_existing,1157.949075
no_inserts,TestCaseInsertExists,delete_old,34.04063
no_inserts,TestCaseInsertExists,insert_new,108.493456
no_inserts,TestCaseInsertExists,update_existing,1164.93177
no_inserts,TestCaseInsertExists,delete_old,33.818324
no_inserts,TestCaseInsertExists,insert_new,117.602929
no_inserts,TestCaseUpdateAllConditionsInOn,update_existing,1150.249238
no_inserts,TestCaseUpdateAllConditionsInOn,delete_old,33.351428
no_inserts,TestCaseUpdateAllConditionsInOn,insert_new,76.748346
no_inserts,TestCaseUpdateAllConditionsInOn,update_existing,1155.41874
no_inserts,TestCaseUpdateAllConditionsInOn,delete_old,33.930609
no_inserts,TestCaseUpdateAllConditionsInOn,insert_new,87.863561
no_inserts,TestCaseUpdateAllConditionsInOn,update_existing,1152.050536
no_inserts,TestCaseUpdateAllConditionsInOn,delete_old,33.584399
no_inserts,TestCaseUpdateAllConditionsInOn,insert_new,77.005153
no_inserts,TestCaseUpdateAllConditionsInOn,update_existing,1160.793284
no_inserts,TestCaseUpdateAllConditionsInOn,delete_old,34.058543
no_inserts,TestCaseUpdateAllConditionsInOn,insert_new,87.052843
no_inserts,TestCaseUpdateAllConditionsInOn,update_existing,1146.823832
no_inserts,TestCaseUpdateAllConditionsInOn,delete_old,33.149557
no_inserts,TestCaseUpdateAllConditionsInOn,insert_new,77.45214
no_inserts,TestCaseUpdateAllConditionsInOn,update_existing,1162.203751
no_inserts,TestCaseUpdateAllConditionsInOn,delete_old,34.670002
no_inserts,TestCaseUpdateAllConditionsInOn,insert_new,86.491625
no_inserts,TestCaseUpdateAllConditionsInOn,update_existing,1152.04693
no_inserts,TestCaseUpdateAllConditionsInOn,delete_old,33.73589
no_inserts,TestCaseUpdateAllConditionsInOn,insert_new,77.207445
no_inserts,TestCaseUpdateAllConditionsInOn,update_existing,1230.644718
no_inserts,TestCaseUpdateAllConditionsInOn,delete_old,33.341825
no_inserts,TestCaseUpdateAllConditionsInOn,insert_new,86.420111
no_inserts,TestCaseUpdateAllConditionsInOn,update_existing,1160.757825
no_inserts,TestCaseUpdateAllConditionsInOn,delete_old,33.680866
no_inserts,TestCaseUpdateAllConditionsInOn,insert_new,78.422609
no_inserts,TestCaseUpdateAllConditionsInOn,update_existing,1169.843163
no_inserts,TestCaseUpdateAllConditionsInOn,delete_old,34.288293
no_inserts,TestCaseUpdateAllConditionsInOn,insert_new,88.591875
no_inserts,TestCaseUpdateNoJoinConditions,update_existing,1131.590401
no_inserts,TestCaseUpdateNoJoinConditions,delete_old,33.436778
no_inserts,TestCaseUpdateNoJoinConditions,insert_new,76.903682
no_inserts,TestCaseUpdateNoJoinConditions,update_existing,1155.367183
no_inserts,TestCaseUpdateNoJoinConditions,delete_old,33.555647
no_inserts,TestCaseUpdateNoJoinConditions,insert_new,86.159183
no_inserts,TestCaseUpdateNoJoinConditions,update_existing,1139.798037
no_inserts,TestCaseUpdateNoJoinConditions,delete_old,33.002053
no_inserts,TestCaseUpdateNoJoinConditions,insert_new,76.531889
no_inserts,TestCaseUpdateNoJoinConditions,update_existing,1166.194015
no_inserts,TestCaseUpdateNoJoinConditions,delete_old,34.23341
no_inserts,TestCaseUpdateNoJoinConditions,insert_new,85.919828
no_inserts,TestCaseUpdateNoJoinConditions,update_existing,1138.734888
no_inserts,TestCaseUpdateNoJoinConditions,delete_old,34.166191
no_inserts,TestCaseUpdateNoJoinConditions,insert_new,76.75913
no_inserts,TestCaseUpdateNoJoinConditions,update_existing,1160.551755
no_inserts,TestCaseUpdateNoJoinConditions,delete_old,34.0873
no_inserts,TestCaseUpdateNoJoinConditions,insert_new,86.425819
no_inserts,TestCaseUpdateNoJoinConditions,update_existing,1137.074784
no_inserts,TestCaseUpdateNoJoinConditions,delete_old,32.903617
no_inserts,TestCaseUpdateNoJoinConditions,insert_new,77.032537
no_inserts,TestCaseUpdateNoJoinConditions,update_existing,1202.453256
no_inserts,TestCaseUpdateNoJoinConditions,delete_old,33.546387
no_inserts,TestCaseUpdateNoJoinConditions,insert_new,86.970956
no_inserts,TestCaseUpdateNoJoinConditions,update_existing,1201.858964
no_inserts,TestCaseUpdateNoJoinConditions,delete_old,33.780491
no_inserts,TestCaseUpdateNoJoinConditions,insert_new,76.251302
no_inserts,TestCaseUpdateNoJoinConditions,update_existing,1149.736382
no_inserts,TestCaseUpdateNoJoinConditions,delete_old,33.538794
no_inserts,TestCaseUpdateNoJoinConditions,insert_new,84.887995
no_inserts,TestCaseUpdateIndexInsertsPath,update_existing,1137.185181
no_inserts,TestCaseUpdateIndexInsertsPath,delete_old,33.768322
no_inserts,TestCaseUpdateIndexInsertsPath,insert_new,81.293262
no_inserts,TestCaseUpdateIndexInsertsPath,update_existing,1167.881055
no_inserts,TestCaseUpdateIndexInsertsPath,delete_old,33.189953
no_inserts,TestCaseUpdateIndexInsertsPath,insert_new,83.036694
no_inserts,TestCaseUpdateIndexInsertsPath,update_existing,1140.301
no_inserts,TestCaseUpdateIndexInsertsPath,delete_old,35.215043
no_inserts,TestCaseUpdateIndexInsertsPath,insert_new,76.065061
no_inserts,TestCaseUpdateIndexInsertsPath,update_existing,1161.017645
no_inserts,TestCaseUpdateIndexInsertsPath,delete_old,32.235323
no_inserts,TestCaseUpdateIndexInsertsPath,insert_new,80.763257
no_inserts,TestCaseUpdateIndexInsertsPath,update_existing,1140.003333
no_inserts,TestCaseUpdateIndexInsertsPath,delete_old,34.438237
no_inserts,TestCaseUpdateIndexInsertsPath,insert_new,75.494464
no_inserts,TestCaseUpdateIndexInsertsPath,update_existing,1151.973149
no_inserts,TestCaseUpdateIndexInsertsPath,delete_old,33.528068
no_inserts,TestCaseUpdateIndexInsertsPath,insert_new,80.663337
no_inserts,TestCaseUpdateIndexInsertsPath,update_existing,1136.924503
no_inserts,TestCaseUpdateIndexInsertsPath,delete_old,34.07391
no_inserts,TestCaseUpdateIndexInsertsPath,insert_new,76.330134
no_inserts,TestCaseUpdateIndexInsertsPath,update_existing,1162.194536
no_inserts,TestCaseUpdateIndexInsertsPath,delete_old,32.75223
no_inserts,TestCaseUpdateIndexInsertsPath,insert_new,83.153388
no_inserts,TestCaseUpdateIndexInsertsPath,update_existing,1146.265412
no_inserts,TestCaseUpdateIndexInsertsPath,delete_old,35.280228
no_inserts,TestCaseUpdateIndexInsertsPath,insert_new,76.352228
no_inserts,TestCaseUpdateIndexInsertsPath,update_existing,1152.361273
no_inserts,TestCaseUpdateIndexInsertsPath,delete_old,33.306527
no_inserts,TestCaseUpdateIndexInsertsPath,insert_new,82.286129
no_inserts,TestCaseUpdateNoInsertsConditions,update_existing,1147.745357
no_inserts,TestCaseUpdateNoInsertsConditions,delete_old,34.34593
no_inserts,TestCaseUpdateNoInsertsConditions,insert_new,76.949376
no_inserts,TestCaseUpdateNoInsertsConditions,update_existing,1182.561194
no_inserts,TestCaseUpdateNoInsertsConditions,delete_old,32.30615
no_inserts,TestCaseUpdateNoInsertsConditions,insert_new,85.571264
no_inserts,TestCaseUpdateNoInsertsConditions,update_existing,1152.038048
no_inserts,TestCaseUpdateNoInsertsConditions,delete_old,33.736064
no_inserts,TestCaseUpdateNoInsertsConditions,insert_new,77.32122
no_inserts,TestCaseUpdateNoInsertsConditions,update_existing,1163.841605
no_inserts,TestCaseUpdateNoInsertsConditions,delete_old,35.44394
no_inserts,TestCaseUpdateNoInsertsConditions,insert_new,87.074314
no_inserts,TestCaseUpdateNoInsertsConditions,update_existing,1147.988826
no_inserts,TestCaseUpdateNoInsertsConditions,delete_old,32.757001
no_inserts,TestCaseUpdateNoInsertsConditions,insert_new,73.354103
no_inserts,TestCaseUpdateNoInsertsConditions,update_existing,1160.97468
no_inserts,TestCaseUpdateNoInsertsConditions,delete_old,33.094751
no_inserts,TestCaseUpdateNoInsertsConditions,insert_new,84.672216
no_inserts,TestCaseUpdateNoInsertsConditions,update_existing,1146.493499
no_inserts,TestCaseUpdateNoInsertsConditions,delete_old,34.583369
no_inserts,TestCaseUpdateNoInsertsConditions,insert_new,75.455561
no_inserts,TestCaseUpdateNoInsertsConditions,update_existing,1159.870364
no_inserts,TestCaseUpdateNoInsertsConditions,delete_old,33.241303
no_inserts,TestCaseUpdateNoInsertsConditions,insert_new,82.941599
no_inserts,TestCaseUpdateNoInsertsConditions,update_existing,1139.288614
no_inserts,TestCaseUpdateNoInsertsConditions,delete_old,34.650716
no_inserts,TestCaseUpdateNoInsertsConditions,insert_new,76.063665
no_inserts,TestCaseUpdateNoInsertsConditions,update_existing,1161.111685
no_inserts,TestCaseUpdateNoInsertsConditions,delete_old,32.807222
no_inserts,TestCaseUpdateNoInsertsConditions,insert_new,83.838356
no_inserts,TestCaseUpdateNoInsertsConditionsAllInOn,update_existing,1154.527462
no_inserts,TestCaseUpdateNoInsertsConditionsAllInOn,delete_old,33.191423
no_inserts,TestCaseUpdateNoInsertsConditionsAllInOn,insert_new,76.988735
no_inserts,TestCaseUpdateNoInsertsConditionsAllInOn,update_existing,1158.283786
no_inserts,TestCaseUpdateNoInsertsConditionsAllInOn,delete_old,33.993576
no_inserts,TestCaseUpdateNoInsertsConditionsAllInOn,insert_new,86.318704
no_inserts,TestCaseUpdateNoInsertsConditionsAllInOn,update_existing,1205.605522
no_inserts,TestCaseUpdateNoInsertsConditionsAllInOn,delete_old,32.829496
no_inserts,TestCaseUpdateNoInsertsConditionsAllInOn,insert_new,75.008921
no_inserts,TestCaseUpdateNoInsertsConditionsAllInOn,update_existing,1183.982537
no_inserts,TestCaseUpdateNoInsertsConditionsAllInOn,delete_old,33.580291
no_inserts,TestCaseUpdateNoInsertsConditionsAllInOn,insert_new,83.920693
no_inserts,TestCaseUpdateNoInsertsConditionsAllInOn,update_existing,1149.633848
no_inserts,TestCaseUpdateNoInsertsConditionsAllInOn,delete_old,34.334941
no_inserts,TestCaseUpdateNoInsertsConditionsAllInOn,insert_new,76.027716
no_inserts,TestCaseUpdateNoInsertsConditionsAllInOn,update_existing,1164.089
no_inserts,TestCaseUpdateNoInsertsConditionsAllInOn,delete_old,32.815686
no_inserts,TestCaseUpdateNoInsertsConditionsAllInOn,insert_new,85.862699
no_inserts,TestCaseUpdateNoInsertsConditionsAllInOn,update_existing,1148.138201
no_inserts,TestCaseUpdateNoInsertsConditionsAllInOn,delete_old,32.930785
no_inserts,TestCaseUpdateNoInsertsConditionsAllInOn,insert_new,76.894639
no_inserts,TestCaseUpdateNoInsertsConditionsAllInOn,update_existing,1156.321166
no_inserts,TestCaseUpdateNoInsertsConditionsAllInOn,delete_old,33.163665
no_inserts,TestCaseUpdateNoInsertsConditionsAllInOn,insert_new,85.573812
no_inserts,TestCaseUpdateNoInsertsConditionsAllInOn,update_existing,1140.896405
no_inserts,TestCaseUpdateNoInsertsConditionsAllInOn,delete_old,34.845484
no_inserts,TestCaseUpdateNoInsertsConditionsAllInOn,insert_new,75.818262
no_inserts,TestCaseUpdateNoInsertsConditionsAllInOn,update_existing,1159.132553
no_inserts,TestCaseUpdateNoInsertsConditionsAllInOn,delete_old,34.600482
no_inserts,TestCaseUpdateNoInsertsConditionsAllInOn,insert_new,85.700153
no_inserts,TestCaseUpdateNoInsertsConditionsAllInOnCompositeIndex,update_existing,1398.350943
no_inserts,TestCaseUpdateNoInsertsConditionsAllInOnCompositeIndex,delete_old,36.062764
no_inserts,TestCaseUpdateNoInsertsConditionsAllInOnCompositeIndex,insert_new,146.572733
no_inserts,TestCaseUpdateNoInsertsConditionsAllInOnCompositeIndex,update_existing,1441.473471
no_inserts,TestCaseUpdateNoInsertsConditionsAllInOnCompositeIndex,delete_old,34.543557
no_inserts,TestCaseUpdateNoInsertsConditionsAllInOnCompositeIndex,insert_new,150.377291
no_inserts,TestCaseUpdateNoInsertsConditionsAllInOnCompositeIndex,update_existing,1416.768402
no_inserts,TestCaseUpdateNoInsertsConditionsAllInOnCompositeIndex,delete_old,35.939809
no_inserts,TestCaseUpdateNoInsertsConditionsAllInOnCompositeIndex,insert_new,143.164003
no_inserts,TestCaseUpdateNoInsertsConditionsAllInOnCompositeIndex,update_existing,1500.206459
no_inserts,TestCaseUpdateNoInsertsConditionsAllInOnCompositeIndex,delete_old,35.490653
no_inserts,TestCaseUpdateNoInsertsConditionsAllInOnCompositeIndex,insert_new,151.490331
no_inserts,TestCaseUpdateNoInsertsConditionsAllInOnCompositeIndex,update_existing,1418.196
no_inserts,TestCaseUpdateNoInsertsConditionsAllInOnCompositeIndex,delete_old,35.391592
no_inserts,TestCaseUpdateNoInsertsConditionsAllInOnCompositeIndex,insert_new,143.903762
no_inserts,TestCaseUpdateNoInsertsConditionsAllInOnCompositeIndex,update_existing,1473.024512
no_inserts,TestCaseUpdateNoInsertsConditionsAllInOnCompositeIndex,delete_old,33.624001
no_inserts,TestCaseUpdateNoInsertsConditionsAllInOnCompositeIndex,insert_new,150.975335
no_inserts,TestCaseUpdateNoInsertsConditionsAllInOnCompositeIndex,update_existing,1418.49062
no_inserts,TestCaseUpdateNoInsertsConditionsAllInOnCompositeIndex,delete_old,36.487355
no_inserts,TestCaseUpdateNoInsertsConditionsAllInOnCompositeIndex,insert_new,144.572292
no_inserts,TestCaseUpdateNoInsertsConditionsAllInOnCompositeIndex,update_existing,1441.692983
no_inserts,TestCaseUpdateNoInsertsConditionsAllInOnCompositeIndex,delete_old,35.618685
no_inserts,TestCaseUpdateNoInsertsConditionsAllInOnCompositeIndex,insert_new,152.662252
no_inserts,TestCaseUpdateNoInsertsConditionsAllInOnCompositeIndex,update_existing,1420.484122
no_inserts,TestCaseUpdateNoInsertsConditionsAllInOnCompositeIndex,delete_old,34.367797
no_inserts,TestCaseUpdateNoInsertsConditionsAllInOnCompositeIndex,insert_new,144.499214
no_inserts,TestCaseUpdateNoInsertsConditionsAllInOnCompositeIndex,update_existing,1455.456518
no_inserts,TestCaseUpdateNoInsertsConditionsAllInOnCompositeIndex,delete_old,34.88614
no_inserts,TestCaseUpdateNoInsertsConditionsAllInOnCompositeIndex,insert_new,150.837062
no_inserts,TestCaseRandInInserts,update_existing,1151.708997
no_inserts,TestCaseRandInInserts,delete_old,34.578102
no_inserts,TestCaseRandInInserts,insert_new,78.581997
no_inserts,TestCaseRandInInserts,update_existing,1188.602895
no_inserts,TestCaseRandInInserts,delete_old,32.738729
no_inserts,TestCaseRandInInserts,insert_new,85.369972
no_inserts,TestCaseRandInInserts,update_existing,1149.573956
no_inserts,TestCaseRandInInserts,delete_old,34.102297
no_inserts,TestCaseRandInInserts,insert_new,76.17019
no_inserts,TestCaseRandInInserts,update_existing,1219.150596
no_inserts,TestCaseRandInInserts,delete_old,34.719143
no_inserts,TestCaseRandInInserts,insert_new,85.61267
no_inserts,TestCaseRandInInserts,update_existing,1147.336037
no_inserts,TestCaseRandInInserts,delete_old,34.935908
no_inserts,TestCaseRandInInserts,insert_new,76.587221
no_inserts,TestCaseRandInInserts,update_existing,1155.518123
no_inserts,TestCaseRandInInserts,delete_old,33.173377
no_inserts,TestCaseRandInInserts,insert_new,84.524733
no_inserts,TestCaseRandInInserts,update_existing,1149.69161
no_inserts,TestCaseRandInInserts,delete_old,33.821311
no_inserts,TestCaseRandInInserts,insert_new,77.144521
no_inserts,TestCaseRandInInserts,update_existing,1170.940117
no_inserts,TestCaseRandInInserts,delete_old,32.907361
no_inserts,TestCaseRandInInserts,insert_new,85.812213
no_inserts,TestCaseRandInInserts,update_existing,1153.573698
no_inserts,TestCaseRandInInserts,delete_old,34.948737
no_inserts,TestCaseRandInInserts,insert_new,76.329027
no_inserts,TestCaseRandInInserts,update_existing,1152.207082
no_inserts,TestCaseRandInInserts,delete_old,35.076352
no_inserts,TestCaseRandInInserts,insert_new,85.595329
no_inserts,TestCaseDontUpdateRand,update_existing,648.692779
no_inserts,TestCaseDontUpdateRand,delete_old,32.760853
no_inserts,TestCaseDontUpdateRand,insert_new,68.106538
no_inserts,TestCaseDontUpdateRand,update_existing,669.001401
no_inserts,TestCaseDontUpdateRand,delete_old,32.858518
no_inserts,TestCaseDontUpdateRand,insert_new,78.670707
no_inserts,TestCaseDontUpdateRand,update_existing,650.776446
no_inserts,TestCaseDontUpdateRand,delete_old,33.99438
no_inserts,TestCaseDontUpdateRand,insert_new,68.941692
no_inserts,TestCaseDontUpdateRand,update_existing,745.255883
no_inserts,TestCaseDontUpdateRand,delete_old,32.339925
no_inserts,TestCaseDontUpdateRand,insert_new,79.934032
no_inserts,TestCaseDontUpdateRand,update_existing,658.754751
no_inserts,TestCaseDontUpdateRand,delete_old,33.615331
no_inserts,TestCaseDontUpdateRand,insert_new,70.115973
no_inserts,TestCaseDontUpdateRand,update_existing,673.487248
no_inserts,TestCaseDontUpdateRand,delete_old,31.669462
no_inserts,TestCaseDontUpdateRand,insert_new,80.378375
no_inserts,TestCaseDontUpdateRand,update_existing,676.758835
no_inserts,TestCaseDontUpdateRand,delete_old,33.542224
no_inserts,TestCaseDontUpdateRand,insert_new,68.903631
no_inserts,TestCaseDontUpdateRand,update_existing,664.86111
no_inserts,TestCaseDontUpdateRand,delete_old,31.124456
no_inserts,TestCaseDontUpdateRand,insert_new,75.558329
no_inserts,TestCaseDontUpdateRand,update_existing,647.099155
no_inserts,TestCaseDontUpdateRand,delete_old,34.065049
no_inserts,TestCaseDontUpdateRand,insert_new,68.894764
no_inserts,TestCaseDontUpdateRand,update_existing,664.603562
no_inserts,TestCaseDontUpdateRand,delete_old,33.102558
no_inserts,TestCaseDontUpdateRand,insert_new,76.024869
no_inserts,TestCaseDontUpdateRandUpdateAllConditionsInOn,update_existing,653.466371
no_inserts,TestCaseDontUpdateRandUpdateAllConditionsInOn,delete_old,35.331276
no_inserts,TestCaseDontUpdateRandUpdateAllConditionsInOn,insert_new,69.862865
no_inserts,TestCaseDontUpdateRandUpdateAllConditionsInOn,update_existing,675.200901
no_inserts,TestCaseDontUpdateRandUpdateAllConditionsInOn,delete_old,32.933732
no_inserts,TestCaseDontUpdateRandUpdateAllConditionsInOn,insert_new,76.236063
no_inserts,TestCaseDontUpdateRandUpdateAllConditionsInOn,update_existing,685.22917
no_inserts,TestCaseDontUpdateRandUpdateAllConditionsInOn,delete_old,33.372823
no_inserts,TestCaseDontUpdateRandUpdateAllConditionsInOn,insert_new,68.640451
no_inserts,TestCaseDontUpdateRandUpdateAllConditionsInOn,update_existing,726.559982
no_inserts,TestCaseDontUpdateRandUpdateAllConditionsInOn,delete_old,35.598112
no_inserts,TestCaseDontUpdateRandUpdateAllConditionsInOn,insert_new,76.281681
no_inserts,TestCaseDontUpdateRandUpdateAllConditionsInOn,update_existing,712.066298
no_inserts,TestCaseDontUpdateRandUpdateAllConditionsInOn,delete_old,35.798214
no_inserts,TestCaseDontUpdateRandUpdateAllConditionsInOn,insert_new,70.987158
no_inserts,TestCaseDontUpdateRandUpdateAllConditionsInOn,update_existing,665.202789
no_inserts,TestCaseDontUpdateRandUpdateAllConditionsInOn,delete_old,32.294554
no_inserts,TestCaseDontUpdateRandUpdateAllConditionsInOn,insert_new,78.554523
no_inserts,TestCaseDontUpdateRandUpdateAllConditionsInOn,update_existing,654.210416
no_inserts,TestCaseDontUpdateRandUpdateAllConditionsInOn,delete_old,33.328312
no_inserts,TestCaseDontUpdateRandUpdateAllConditionsInOn,insert_new,69.257958
no_inserts,TestCaseDontUpdateRandUpdateAllConditionsInOn,update_existing,671.603705
no_inserts,TestCaseDontUpdateRandUpdateAllConditionsInOn,delete_old,34.559347
no_inserts,TestCaseDontUpdateRandUpdateAllConditionsInOn,insert_new,77.752472
no_inserts,TestCaseDontUpdateRandUpdateAllConditionsInOn,update_existing,648.080519
no_inserts,TestCaseDontUpdateRandUpdateAllConditionsInOn,delete_old,32.323147
no_inserts,TestCaseDontUpdateRandUpdateAllConditionsInOn,insert_new,68.94763
no_inserts,TestCaseDontUpdateRandUpdateAllConditionsInOn,update_existing,667.757078
no_inserts,TestCaseDontUpdateRandUpdateAllConditionsInOn,delete_old,33.213849
no_inserts,TestCaseDontUpdateRandUpdateAllConditionsInOn,insert_new,75.123583
no_inserts,TestCaseDontUpdateRandUpdateNoJoinConditions,update_existing,648.061972
no_inserts,TestCaseDontUpdateRandUpdateNoJoinConditions,delete_old,32.710099
no_inserts,TestCaseDontUpdateRandUpdateNoJoinConditions,insert_new,69.984886
no_inserts,TestCaseDontUpdateRandUpdateNoJoinConditions,update_existing,655.980526
no_inserts,TestCaseDontUpdateRandUpdateNoJoinConditions,delete_old,34.350623
no_inserts,TestCaseDontUpdateRandUpdateNoJoinConditions,insert_new,79.295557
no_inserts,TestCaseDontUpdateRandUpdateNoJoinConditions,update_existing,645.203035
no_inserts,TestCaseDontUpdateRandUpdateNoJoinConditions,delete_old,33.513667
no_inserts,TestCaseDontUpdateRandUpdateNoJoinConditions,insert_new,69.541701
no_inserts,TestCaseDontUpdateRandUpdateNoJoinConditions,update_existing,710.293703
no_inserts,TestCaseDontUpdateRandUpdateNoJoinConditions,delete_old,33.187341
no_inserts,TestCaseDontUpdateRandUpdateNoJoinConditions,insert_new,78.366029
no_inserts,TestCaseDontUpdateRandUpdateNoJoinConditions,update_existing,646.132564
no_inserts,TestCaseDontUpdateRandUpdateNoJoinConditions,delete_old,35.881591
no_inserts,TestCaseDontUpdateRandUpdateNoJoinConditions,insert_new,67.679044
no_inserts,TestCaseDontUpdateRandUpdateNoJoinConditions,update_existing,671.000342
no_inserts,TestCaseDontUpdateRandUpdateNoJoinConditions,delete_old,33.571107
no_inserts,TestCaseDontUpdateRandUpdateNoJoinConditions,insert_new,75.80109
no_inserts,TestCaseDontUpdateRandUpdateNoJoinConditions,update_existing,650.701811
no_inserts,TestCaseDontUpdateRandUpdateNoJoinConditions,delete_old,32.117097
no_inserts,TestCaseDontUpdateRandUpdateNoJoinConditions,insert_new,66.700713
no_inserts,TestCaseDontUpdateRandUpdateNoJoinConditions,update_existing,658.871643
no_inserts,TestCaseDontUpdateRandUpdateNoJoinConditions,delete_old,34.620784
no_inserts,TestCaseDontUpdateRandUpdateNoJoinConditions,insert_new,78.265787
no_inserts,TestCaseDontUpdateRandUpdateNoJoinConditions,update_existing,638.219686
no_inserts,TestCaseDontUpdateRandUpdateNoJoinConditions,delete_old,35.281091
no_inserts,TestCaseDontUpdateRandUpdateNoJoinConditions,insert_new,69.376126
no_inserts,TestCaseDontUpdateRandUpdateNoJoinConditions,update_existing,659.338696
no_inserts,TestCaseDontUpdateRandUpdateNoJoinConditions,delete_old,32.669577
no_inserts,TestCaseDontUpdateRandUpdateNoJoinConditions,insert_new,77.505267
no_inserts,TestCaseDontUpdateRandUpdateIndexInsertsPath,update_existing,644.732691
no_inserts,TestCaseDontUpdateRandUpdateIndexInsertsPath,delete_old,33.272294
no_inserts,TestCaseDontUpdateRandUpdateIndexInsertsPath,insert_new,68.548975
no_inserts,TestCaseDontUpdateRandUpdateIndexInsertsPath,update_existing,653.51244
no_inserts,TestCaseDontUpdateRandUpdateIndexInsertsPath,delete_old,34.275439
no_inserts,TestCaseDontUpdateRandUpdateIndexInsertsPath,insert_new,74.168878
no_inserts,TestCaseDontUpdateRandUpdateIndexInsertsPath,update_existing,660.612663
no_inserts,TestCaseDontUpdateRandUpdateIndexInsertsPath,delete_old,31.451856
no_inserts,TestCaseDontUpdateRandUpdateIndexInsertsPath,insert_new,71.168939
no_inserts,TestCaseDontUpdateRandUpdateIndexInsertsPath,update_existing,654.082363
no_inserts,TestCaseDontUpdateRandUpdateIndexInsertsPath,delete_old,32.165883
no_inserts,TestCaseDontUpdateRandUpdateIndexInsertsPath,insert_new,73.930054
no_inserts,TestCaseDontUpdateRandUpdateIndexInsertsPath,update_existing,651.344333
no_inserts,TestCaseDontUpdateRandUpdateIndexInsertsPath,delete_old,35.575965
no_inserts,TestCaseDontUpdateRandUpdateIndexInsertsPath,insert_new,67.916
no_inserts,TestCaseDontUpdateRandUpdateIndexInsertsPath,update_existing,660.395484
no_inserts,TestCaseDontUpdateRandUpdateIndexInsertsPath,delete_old,33.417569
no_inserts,TestCaseDontUpdateRandUpdateIndexInsertsPath,insert_new,73.976201
no_inserts,TestCaseDontUpdateRandUpdateIndexInsertsPath,update_existing,642.893855
no_inserts,TestCaseDontUpdateRandUpdateIndexInsertsPath,delete_old,32.835486
no_inserts,TestCaseDontUpdateRandUpdateIndexInsertsPath,insert_new,69.277342
no_inserts,TestCaseDontUpdateRandUpdateIndexInsertsPath,update_existing,650.46544
no_inserts,TestCaseDontUpdateRandUpdateIndexInsertsPath,delete_old,31.257644
no_inserts,TestCaseDontUpdateRandUpdateIndexInsertsPath,insert_new,72.36259
no_inserts,TestCaseDontUpdateRandUpdateIndexInsertsPath,update_existing,642.948911
no_inserts,TestCaseDontUpdateRandUpdateIndexInsertsPath,delete_old,33.409322
no_inserts,TestCaseDontUpdateRandUpdateIndexInsertsPath,insert_new,69.090066
no_inserts,TestCaseDontUpdateRandUpdateIndexInsertsPath,update_existing,710.46804
no_inserts,TestCaseDontUpdateRandUpdateIndexInsertsPath,delete_old,31.028051
no_inserts,TestCaseDontUpdateRandUpdateIndexInsertsPath,insert_new,74.809187
no_inserts,TestCaseDontUpdateRandUpdateNoInsertsConditions,update_existing,652.840327
no_inserts,TestCaseDontUpdateRandUpdateNoInsertsConditions,delete_old,32.170273
no_inserts,TestCaseDontUpdateRandUpdateNoInsertsConditions,insert_new,71.431856
no_inserts,TestCaseDontUpdateRandUpdateNoInsertsConditions,update_existing,687.570781
no_inserts,TestCaseDontUpdateRandUpdateNoInsertsConditions,delete_old,32.414761
no_inserts,TestCaseDontUpdateRandUpdateNoInsertsConditions,insert_new,77.7111
no_inserts,TestCaseDontUpdateRandUpdateNoInsertsConditions,update_existing,651.045956
no_inserts,TestCaseDontUpdateRandUpdateNoInsertsConditions,delete_old,33.178562
no_inserts,TestCaseDontUpdateRandUpdateNoInsertsConditions,insert_new,70.051735
no_inserts,TestCaseDontUpdateRandUpdateNoInsertsConditions,update_existing,656.109308
no_inserts,TestCaseDontUpdateRandUpdateNoInsertsConditions,delete_old,32.093571
no_inserts,TestCaseDontUpdateRandUpdateNoInsertsConditions,insert_new,75.828577
no_inserts,TestCaseDontUpdateRandUpdateNoInsertsConditions,update_existing,649.877404
no_inserts,TestCaseDontUpdateRandUpdateNoInsertsConditions,delete_old,32.257151
no_inserts,TestCaseDontUpdateRandUpdateNoInsertsConditions,insert_new,71.099371
no_inserts,TestCaseDontUpdateRandUpdateNoInsertsConditions,update_existing,664.919581
no_inserts,TestCaseDontUpdateRandUpdateNoInsertsConditions,delete_old,33.670447
no_inserts,TestCaseDontUpdateRandUpdateNoInsertsConditions,insert_new,77.544249
no_inserts,TestCaseDontUpdateRandUpdateNoInsertsConditions,update_existing,654.39591
no_inserts,TestCaseDontUpdateRandUpdateNoInsertsConditions,delete_old,30.172106
no_inserts,TestCaseDontUpdateRandUpdateNoInsertsConditions,insert_new,70.130708
no_inserts,TestCaseDontUpdateRandUpdateNoInsertsConditions,update_existing,664.180371
no_inserts,TestCaseDontUpdateRandUpdateNoInsertsConditions,delete_old,33.322926
no_inserts,TestCaseDontUpdateRandUpdateNoInsertsConditions,insert_new,75.316078
no_inserts,TestCaseDontUpdateRandUpdateNoInsertsConditions,update_existing,645.593233
no_inserts,TestCaseDontUpdateRandUpdateNoInsertsConditions,delete_old,34.229143
no_inserts,TestCaseDontUpdateRandUpdateNoInsertsConditions,insert_new,68.49368
no_inserts,TestCaseDontUpdateRandUpdateNoInsertsConditions,update_existing,665.602279
no_inserts,TestCaseDontUpdateRandUpdateNoInsertsConditions,delete_old,31.780639999999998
no_inserts,TestCaseDontUpdateRandUpdateNoInsertsConditions,insert_new,76.39544
no_inserts,TestCaseDontUpdateRandUpdateNoInsertsConditionsAllInOn,update_existing,651.567935
no_inserts,TestCaseDontUpdateRandUpdateNoInsertsConditionsAllInOn,delete_old,33.24841
no_inserts,TestCaseDontUpdateRandUpdateNoInsertsConditionsAllInOn,insert_new,71.104577
no_inserts,TestCaseDontUpdateRandUpdateNoInsertsConditionsAllInOn,update_existing,667.112587
no_inserts,TestCaseDontUpdateRandUpdateNoInsertsConditionsAllInOn,delete_old,32.341603
no_inserts,TestCaseDontUpdateRandUpdateNoInsertsConditionsAllInOn,insert_new,77.130695
no_inserts,TestCaseDontUpdateRandUpdateNoInsertsConditionsAllInOn,update_existing,660.767796
no_inserts,TestCaseDontUpdateRandUpdateNoInsertsConditionsAllInOn,delete_old,33.41231
no_inserts,TestCaseDontUpdateRandUpdateNoInsertsConditionsAllInOn,insert_new,70.949069
no_inserts,TestCaseDontUpdateRandUpdateNoInsertsConditionsAllInOn,update_existing,664.568767
no_inserts,TestCaseDontUpdateRandUpdateNoInsertsConditionsAllInOn,delete_old,35.570561
no_inserts,TestCaseDontUpdateRandUpdateNoInsertsConditionsAllInOn,insert_new,77.205218
no_inserts,TestCaseDontUpdateRandUpdateNoInsertsConditionsAllInOn,update_existing,654.483319
no_inserts,TestCaseDontUpdateRandUpdateNoInsertsConditionsAllInOn,delete_old,33.347133
no_inserts,TestCaseDontUpdateRandUpdateNoInsertsConditionsAllInOn,insert_new,69.670936
no_inserts,TestCaseDontUpdateRandUpdateNoInsertsConditionsAllInOn,update_existing,668.162445
no_inserts,TestCaseDontUpdateRandUpdateNoInsertsConditionsAllInOn,delete_old,35.260963
no_inserts,TestCaseDontUpdateRandUpdateNoInsertsConditionsAllInOn,insert_new,77.378464
no_inserts,TestCaseDontUpdateRandUpdateNoInsertsConditionsAllInOn,update_existing,644.08425
no_inserts,TestCaseDontUpdateRandUpdateNoInsertsConditionsAllInOn,delete_old,31.822122
no_inserts,TestCaseDontUpdateRandUpdateNoInsertsConditionsAllInOn,insert_new,69.125112
no_inserts,TestCaseDontUpdateRandUpdateNoInsertsConditionsAllInOn,update_existing,665.184245
no_inserts,TestCaseDontUpdateRandUpdateNoInsertsConditionsAllInOn,delete_old,33.376354
no_inserts,TestCaseDontUpdateRandUpdateNoInsertsConditionsAllInOn,insert_new,76.582643
no_inserts,TestCaseDontUpdateRandUpdateNoInsertsConditionsAllInOn,update_existing,644.897296
no_inserts,TestCaseDontUpdateRandUpdateNoInsertsConditionsAllInOn,delete_old,33.761916
no_inserts,TestCaseDontUpdateRandUpdateNoInsertsConditionsAllInOn,insert_new,68.99927
no_inserts,TestCaseDontUpdateRandUpdateNoInsertsConditionsAllInOn,update_existing,659.45669
no_inserts,TestCaseDontUpdateRandUpdateNoInsertsConditionsAllInOn,delete_old,33.536399
no_inserts,TestCaseDontUpdateRandUpdateNoInsertsConditionsAllInOn,insert_new,78.160649
no_inserts,TestCaseDontUpdateRandUpdateNoInsertsConditionsAllInOnCompositeIndex,update_existing,941.701774
no_inserts,TestCaseDontUpdateRandUpdateNoInsertsConditionsAllInOnCompositeIndex,delete_old,30.089804
no_inserts,TestCaseDontUpdateRandUpdateNoInsertsConditionsAllInOnCompositeIndex,insert_new,141.450759
no_inserts,TestCaseDontUpdateRandUpdateNoInsertsConditionsAllInOnCompositeIndex,update_existing,968.571852
no_inserts,TestCaseDontUpdateRandUpdateNoInsertsConditionsAllInOnCompositeIndex,delete_old,28.837073
no_inserts,TestCaseDontUpdateRandUpdateNoInsertsConditionsAllInOnCompositeIndex,insert_new,150.847993
no_inserts,TestCaseDontUpdateRandUpdateNoInsertsConditionsAllInOnCompositeIndex,update_existing,953.58396
no_inserts,TestCaseDontUpdateRandUpdateNoInsertsConditionsAllInOnCompositeIndex,delete_old,28.466541
no_inserts,TestCaseDontUpdateRandUpdateNoInsertsConditionsAllInOnCompositeIndex,insert_new,140.333546
no_inserts,TestCaseDontUpdateRandUpdateNoInsertsConditionsAllInOnCompositeIndex,update_existing,1003.209329
no_inserts,TestCaseDontUpdateRandUpdateNoInsertsConditionsAllInOnCompositeIndex,delete_old,28.901556
no_inserts,TestCaseDontUpdateRandUpdateNoInsertsConditionsAllInOnCompositeIndex,insert_new,148.254111
no_inserts,TestCaseDontUpdateRandUpdateNoInsertsConditionsAllInOnCompositeIndex,update_existing,942.471851
no_inserts,TestCaseDontUpdateRandUpdateNoInsertsConditionsAllInOnCompositeIndex,delete_old,30.641708
no_inserts,TestCaseDontUpdateRandUpdateNoInsertsConditionsAllInOnCompositeIndex,insert_new,140.427566
no_inserts,TestCaseDontUpdateRandUpdateNoInsertsConditionsAllInOnCompositeIndex,update_existing,972.875598
no_inserts,TestCaseDontUpdateRandUpdateNoInsertsConditionsAllInOnCompositeIndex,delete_old,28.425799
no_inserts,TestCaseDontUpdateRandUpdateNoInsertsConditionsAllInOnCompositeIndex,insert_new,147.583351
no_inserts,TestCaseDontUpdateRandUpdateNoInsertsConditionsAllInOnCompositeIndex,update_existing,945.335202
no_inserts,TestCaseDontUpdateRandUpdateNoInsertsConditionsAllInOnCompositeIndex,delete_old,30.716854
no_inserts,TestCaseDontUpdateRandUpdateNoInsertsConditionsAllInOnCompositeIndex,insert_new,140.20692
no_inserts,TestCaseDontUpdateRandUpdateNoInsertsConditionsAllInOnCompositeIndex,update_existing,970.24457399999994
no_inserts,TestCaseDontUpdateRandUpdateNoInsertsConditionsAllInOnCompositeIndex,delete_old,27.8406
no_inserts,TestCaseDontUpdateRandUpdateNoInsertsConditionsAllInOnCompositeIndex,insert_new,148.639934
no_inserts,TestCaseDontUpdateRandUpdateNoInsertsConditionsAllInOnCompositeIndex,update_existing,941.085144
no_inserts,TestCaseDontUpdateRandUpdateNoInsertsConditionsAllInOnCompositeIndex,delete_old,29.45602
no_inserts,TestCaseDontUpdateRandUpdateNoInsertsConditionsAllInOnCompositeIndex,insert_new,142.720978
no_inserts,TestCaseDontUpdateRandUpdateNoInsertsConditionsAllInOnCompositeIndex,update_existing,982.071465
no_inserts,TestCaseDontUpdateRandUpdateNoInsertsConditionsAllInOnCompositeIndex,delete_old,29.18259
no_inserts,TestCaseDontUpdateRandUpdateNoInsertsConditionsAllInOnCompositeIndex,insert_new,150.07843
no_inserts,TestCaseDontUpdateRandRandInInserts,update_existing,655.060426
no_inserts,TestCaseDontUpdateRandRandInInserts,delete_old,36.208643
no_inserts,TestCaseDontUpdateRandRandInInserts,insert_new,71.248905
no_inserts,TestCaseDontUpdateRandRandInInserts,update_existing,681.36806
no_inserts,TestCaseDontUpdateRandRandInInserts,delete_old,32.397658
no_inserts,TestCaseDontUpdateRandRandInInserts,insert_new,80.83795
no_inserts,TestCaseDontUpdateRandRandInInserts,update_existing,656.712715
no_inserts,TestCaseDontUpdateRandRandInInserts,delete_old,34.272696
no_inserts,TestCaseDontUpdateRandRandInInserts,insert_new,71.506453
no_inserts,TestCaseDontUpdateRandRandInInserts,update_existing,698.245056
no_inserts,TestCaseDontUpdateRandRandInInserts,delete_old,32.258084
no_inserts,TestCaseDontUpdateRandRandInInserts,insert_new,75.455415
no_inserts,TestCaseDontUpdateRandRandInInserts,update_existing,678.265587
no_inserts,TestCaseDontUpdateRandRandInInserts,delete_old,35.722764
no_inserts,TestCaseDontUpdateRandRandInInserts,insert_new,69.089583
no_inserts,TestCaseDontUpdateRandRandInInserts,update_existing,671.577324
no_inserts,TestCaseDontUpdateRandRandInInserts,delete_old,31.499618
no_inserts,TestCaseDontUpdateRandRandInInserts,insert_new,76.974468
no_inserts,TestCaseDontUpdateRandRandInInserts,update_existing,646.252599
no_inserts,TestCaseDontUpdateRandRandInInserts,delete_old,33.985414
no_inserts,TestCaseDontUpdateRandRandInInserts,insert_new,67.534196
no_inserts,TestCaseDontUpdateRandRandInInserts,update_existing,665.884909
no_inserts,TestCaseDontUpdateRandRandInInserts,delete_old,31.458894
no_inserts,TestCaseDontUpdateRandRandInInserts,insert_new,77.443105
no_inserts,TestCaseDontUpdateRandRandInInserts,update_existing,649.646407
no_inserts,TestCaseDontUpdateRandRandInInserts,delete_old,32.017035
no_inserts,TestCaseDontUpdateRandRandInInserts,insert_new,70.116296
no_inserts,TestCaseDontUpdateRandRandInInserts,update_existing,688.046737
no_inserts,TestCaseDontUpdateRandRandInInserts,delete_old,33.695172
no_inserts,TestCaseDontUpdateRandRandInInserts,insert_new,76.187515
